Text,Sentiment
I love this product,Positive
Very bad experience,Negative
Amazing quality,Positive
Not worth the money,Negative
Excellent performance,Positive
Terrible support,Negative
Happy with purchase,Positive
Waste of time,Negative
Good value,Positive
Disappointed,Negative
Highly recommend this,Positive
Horrible smell,Negative
Fast delivery,Positive
Broken on arrival,Negative
Best purchase ever,Positive
Cheap material,Negative
Super easy to use,Positive
Total letdown,Negative
Great customer service,Positive
Worst experience,Negative
Impressive results,Positive
Awful quality,Negative
Works perfectly,Positive
Do not buy,Negative
Fantastic features,Positive
Regret buying this,Positive
Very satisfied,Positive
Poor construction,Negative
Beautiful design,Positive
Avoid at all costs,Negative
Outstanding value,Positive
Useless instructions,Negative
Reliable and fast,Positive
Defective unit,Negative
Brilliant idea,Positive
Lacks basic features,Negative
Exceeded expectations,Positive
Late shipment,Negative
Tough and durable,Positive
Difficult to setup,Negative
Five stars from me,Positive
Missing parts,Negative
Smooth operation,Positive
Not as described,Negative
Top notch quality,Positive
Waste of money,Negative
Perfectly fits,Positive
Very clunky,Negative
Wonderful service,Positive
Returning this immediately,Negative